-- create database `quick_admin` default character set utf8 collate utf8_general_ci;

-- ----------------------------
-- Table structure for sys_user
-- ----------------------------
DROP TABLE IF EXISTS `sys_user`;
CREATE TABLE `sys_user`  (
  id int  auto_increment  primary key COMMENT '主键id',
  `username` varchar(100) CHARACTER SET utf8 COLLATE utf8_general_ci NULL DEFAULT NULL COMMENT '登录账号',
  `realname` varchar(100) CHARACTER SET utf8 COLLATE utf8_general_ci NULL DEFAULT NULL COMMENT '真实姓名',
  `password` varchar(255) CHARACTER SET utf8 COLLATE utf8_general_ci NULL DEFAULT NULL COMMENT '密码',
  `salt` varchar(45) CHARACTER SET utf8 COLLATE utf8_general_ci NULL DEFAULT NULL COMMENT 'md5密码盐',
  `avatar` varchar(255) CHARACTER SET utf8 COLLATE utf8_general_ci NULL DEFAULT NULL COMMENT '头像',
  `birthday` datetime(0) NULL DEFAULT NULL COMMENT '生日',
  `sex` tinyint(1) NULL DEFAULT NULL COMMENT '性别(0-默认未知,1-男,2-女)',
  `email` varchar(45) CHARACTER SET utf8 COLLATE utf8_general_ci NULL DEFAULT NULL COMMENT '电子邮件',
  `phone` varchar(45) CHARACTER SET utf8 COLLATE utf8_general_ci NULL DEFAULT NULL COMMENT '电话',
  `org_code` varchar(64) CHARACTER SET utf8 COLLATE utf8_general_ci NULL DEFAULT NULL COMMENT '机构编码',
  `status` tinyint(1) NULL DEFAULT NULL COMMENT '性别(1-正常,2-冻结)',
  `third_id` varchar(100) CHARACTER SET utf8 COLLATE utf8_general_ci NULL DEFAULT NULL COMMENT '第三方登录的唯一标识',
  `third_type` varchar(100) CHARACTER SET utf8 COLLATE utf8_general_ci NULL DEFAULT NULL COMMENT '第三方类型',
  `activiti_sync` tinyint(1) NULL DEFAULT NULL COMMENT '同步工作流引擎(1-同步,0-不同步)',
  `work_no` varchar(100) CHARACTER SET utf8 COLLATE utf8_general_ci NULL DEFAULT NULL COMMENT '工号，唯一键',
  `post` varchar(100) CHARACTER SET utf8 COLLATE utf8_general_ci NULL DEFAULT NULL COMMENT '职务，关联职务表',
  `telephone` varchar(45) CHARACTER SET utf8 COLLATE utf8_general_ci NULL DEFAULT NULL COMMENT '座机号',
  `create_by` varchar(32) CHARACTER SET utf8 COLLATE utf8_general_ci NULL DEFAULT NULL COMMENT '创建人',
  `create_time` datetime(0) NULL DEFAULT NULL COMMENT '创建时间',
  `update_by` varchar(32) CHARACTER SET utf8 COLLATE utf8_general_ci NULL DEFAULT NULL COMMENT '更新人',
  `update_time` datetime(0) NULL DEFAULT NULL COMMENT '更新时间',
  `user_identity` tinyint(1) NULL DEFAULT NULL COMMENT '身份（1普通成员 2上级）',
  `depart_ids` longtext CHARACTER SET utf8 COLLATE utf8_general_ci NULL COMMENT '负责部门',
  `delete_time` datetime(0) NULL DEFAULT NULL COMMENT '删除时间',
  `del_flag` tinyint(1) NULL DEFAULT NULL COMMENT '删除状态(0-正常,1-已删除)',
  UNIQUE INDEX `index_user_name`(`username`) USING BTREE,
  UNIQUE INDEX `uniq_sys_user_work_no`(`work_no`) USING BTREE,
  UNIQUE INDEX `uniq_sys_user_username`(`username`) USING BTREE,
  UNIQUE INDEX `uniq_sys_user_phone`(`phone`) USING BTREE,
  UNIQUE INDEX `uniq_sys_user_email`(`email`) USING BTREE,
  INDEX `index_user_status`(`status`) USING BTREE,
  INDEX `index_user_del_flag`(`del_flag`) USING BTREE
) ENGINE = InnoDB CHARACTER SET = utf8 COLLATE = utf8_general_ci COMMENT = '用户表' ROW_FORMAT = Dynamic;

-- ----------------------------
-- Records of sys_user
-- ----------------------------
INSERT INTO `sys_user` VALUES (1, 'admin', '管理员', '88a16a28e9d99f29', 'RCGTeGiH', 'http://minio.jeecg.com/otatest/temp/lgo33_1583397323099.png', '2018-12-05 00:00:00', 1, 'jeecg@163.com', '18611111111', 'A01', 1, NULL, NULL, 1, '00001', '总经理', NULL, NULL, '2038-06-21 17:54:10', 'admin', '2020-05-02 18:19:41', 2, 'c6d7cb4deeac411cb3384b1b31278596',null,0);




-- ----------------------------
-- Table structure for sys_role
-- ----------------------------
DROP TABLE IF EXISTS `sys_role`;
CREATE TABLE `sys_role`  (
   id int  auto_increment  primary key COMMENT '主键id',
  `role_name` varchar(200) CHARACTER SET utf8 COLLATE utf8_general_ci NULL DEFAULT NULL COMMENT '角色名称',
  `role_code` varchar(100) CHARACTER SET utf8 COLLATE utf8_general_ci NOT NULL COMMENT '角色编码',
  `description` varchar(255) CHARACTER SET utf8 COLLATE utf8_general_ci NULL DEFAULT NULL COMMENT '描述',
  `create_by` varchar(32) CHARACTER SET utf8 COLLATE utf8_general_ci NULL DEFAULT NULL COMMENT '创建人',
  `create_time` datetime(0) NULL DEFAULT NULL COMMENT '创建时间',
  `update_by` varchar(32) CHARACTER SET utf8 COLLATE utf8_general_ci NULL DEFAULT NULL COMMENT '更新人',
  `update_time` datetime(0) NULL DEFAULT NULL COMMENT '更新时间',
  `delete_time` datetime(0) NULL DEFAULT NULL COMMENT '删除时间',
  `del_flag` tinyint(1) NULL DEFAULT NULL COMMENT '删除状态(0-正常,1-已删除)',
  UNIQUE INDEX `uniq_sys_role_role_code`(`role_code`) USING BTREE
) ENGINE = InnoDB CHARACTER SET = utf8 COLLATE = utf8_general_ci COMMENT = '角色表' ROW_FORMAT = Dynamic;

INSERT INTO `sys_role` VALUES (1, '管理员', 'admin', '管理员', NULL, '2018-12-21 18:03:39', 'admin', '2019-05-20 11:40:26',null , 0);


-- ----------------------------
-- Table structure for sys_user_role
-- ----------------------------
DROP TABLE IF EXISTS `sys_user_role`;
CREATE TABLE `sys_user_role`  (
  `id` int  auto_increment  primary key COMMENT '主键id',
  `user_id` int not null COMMENT '用户id',
  `role_id` int not null COMMENT '角色id',
  INDEX `index2_groupuu_useridandroleid`(`user_id`, `role_id`) USING BTREE
) ENGINE = InnoDB CHARACTER SET = utf8 COLLATE = utf8_general_ci COMMENT = '用户角色表' ROW_FORMAT = Dynamic;

-- ----------------------------
-- Records of sys_user_role
-- ----------------------------
INSERT INTO `sys_user_role` VALUES (1, 1, 1);

-- ----------------------------
-- Table structure for sys_permission
-- ----------------------------
DROP TABLE IF EXISTS `sys_permission`;
CREATE TABLE `sys_permission`  (
  `id` int  auto_increment  primary key COMMENT '主键id',
  `parent_id` int not null  DEFAULT -1 COMMENT '父id',
  `name` varchar(100) CHARACTER SET utf8 COLLATE utf8_general_ci NULL DEFAULT NULL COMMENT '菜单标题',
  `url` varchar(255) CHARACTER SET utf8 COLLATE utf8_general_ci NULL DEFAULT NULL COMMENT '路径',
  `component` varchar(255) CHARACTER SET utf8 COLLATE utf8_general_ci NULL DEFAULT NULL COMMENT '组件',
  `component_name` varchar(100) CHARACTER SET utf8 COLLATE utf8_general_ci NULL DEFAULT NULL COMMENT '组件名字',
  `redirect` varchar(255) CHARACTER SET utf8 COLLATE utf8_general_ci NULL DEFAULT NULL COMMENT '一级菜单跳转地址',
  `menu_type` int(11) NULL DEFAULT NULL COMMENT '菜单类型(0:一级菜单; 1:子菜单:2:按钮权限)',
  `perms` varchar(255) CHARACTER SET utf8 COLLATE utf8_general_ci NULL DEFAULT NULL COMMENT '菜单权限编码',
  `perms_type` varchar(10) CHARACTER SET utf8 COLLATE utf8_general_ci NULL DEFAULT '0' COMMENT '权限策略1显示2禁用',
  `sort_no` double(8, 2) NULL DEFAULT NULL COMMENT '菜单排序',
  `always_show` tinyint(1) NULL DEFAULT NULL COMMENT '聚合子路由: 1是0否',
  `icon` varchar(100) CHARACTER SET utf8 COLLATE utf8_general_ci NULL DEFAULT NULL COMMENT '菜单图标',
  `route` tinyint(1) NULL DEFAULT 1 COMMENT '是否路由菜单: 0:不是  1:是（默认值1）',
  `leaf` tinyint(1) NULL DEFAULT NULL COMMENT '是否叶子节点:    1:是   0:不是',
  `keep_alive` tinyint(1) NULL DEFAULT NULL COMMENT '是否缓存该页面:    1:是   0:不是',
  `hidden` int(2) NULL DEFAULT 0 COMMENT '是否隐藏路由: 0否,1是',
  `description` varchar(255) CHARACTER SET utf8 COLLATE utf8_general_ci NULL DEFAULT NULL COMMENT '描述',
  `create_by` varchar(32) CHARACTER SET utf8 COLLATE utf8_general_ci NULL DEFAULT NULL COMMENT '创建人',
  `create_time` datetime(0) NULL DEFAULT NULL COMMENT '创建时间',
  `update_by` varchar(32) CHARACTER SET utf8 COLLATE utf8_general_ci NULL DEFAULT NULL COMMENT '更新人',
  `update_time` datetime(0) NULL DEFAULT NULL COMMENT '更新时间',
  `del_flag` tinyint(1) NULL DEFAULT 0 COMMENT '删除状态 0正常 1已删除',
  `rule_flag` int(3) NULL DEFAULT 0 COMMENT '是否添加数据权限1是0否',
  `status` varchar(2) CHARACTER SET utf8 COLLATE utf8_general_ci NULL DEFAULT NULL COMMENT '按钮权限状态(0无效1有效)',
  `internal_or_external` tinyint(1) NULL DEFAULT NULL COMMENT '外链菜单打开方式 0/内部打开 1/外部打开',
  `delete_time` datetime(0) NULL DEFAULT NULL COMMENT '删除时间',
  INDEX `index_prem_pid`(`parent_id`) USING BTREE,
  INDEX `index_prem_is_route`(`is_route`) USING BTREE,
  INDEX `index_prem_is_leaf`(`is_leaf`) USING BTREE,
  INDEX `index_prem_sort_no`(`sort_no`) USING BTREE,
  INDEX `index_prem_del_flag`(`del_flag`) USING BTREE,
  INDEX `index_menu_type`(`menu_type`) USING BTREE,
  INDEX `index_menu_hidden`(`hidden`) USING BTREE,
  INDEX `index_menu_status`(`status`) USING BTREE
) ENGINE = InnoDB CHARACTER SET = utf8 COLLATE = utf8_general_ci COMMENT = '菜单权限表' ROW_FORMAT = Dynamic;

-- ----------------------------
-- Records of sys_permission
-- ----------------------------
INSERT INTO `sys_permission` VALUES (8, 2, '职务管理', '/isystem/position', 'system/SysPositionList', NULL, NULL, 1, NULL, '1', 2.00, 0, NULL, 1, 1, 0, 0, NULL, 'admin', '2019-09-19 10:14:13', 'admin', '2019-09-19 10:15:22', 0, 0, '1', 0,NULL);
INSERT INTO `sys_permission` VALUES (14, 2, '通讯录', '/isystem/addressList', 'system/AddressList', NULL, NULL, 1, NULL, '1', 3.00, 0, NULL, 1, 1, 0, 0, NULL, 'admin', '2019-09-19 15:45:21', NULL, NULL, 0, 0, '1', 0,NULL);
INSERT INTO `sys_permission` VALUES (15, 13, '基本设置', '/account/settings/BaseSetting', 'account/settings/BaseSetting', 'account-settings-base', NULL, 1, 'BaseSettings', NULL, NULL, 0, NULL, 1, 1, NULL, 1, NULL, NULL, '2018-12-26 18:58:35', 'admin', '2019-03-20 12:57:31', 0, 0, NULL, NULL,NULL);
INSERT INTO `sys_permission` VALUES (4, 2, '角色管理', '/isystem/roleUserList', 'system/RoleUserList', NULL, NULL, 1, NULL, NULL, 1.20, 0, NULL, 1, 1, 0, 0, NULL, 'admin', '2019-04-17 15:13:56', 'admin', '2019-12-25 09:36:31', 0, 0, NULL, 0,NULL);
INSERT INTO `sys_permission` VALUES (3, 2, '用户管理', '/isystem/user', 'system/UserList', NULL, NULL, 1, NULL, NULL, 1.10, 0, NULL, 1, 0, 0, 0, NULL, NULL, '2018-12-25 20:34:38', 'admin', '2019-12-25 09:36:24', 0, 0, NULL, 0,NULL);
INSERT INTO `sys_permission` VALUES (6, 2, '部门管理', '/isystem/depart', 'system/DepartList', NULL, NULL, 1, NULL, NULL, 1.40, 0, NULL, 1, 1, 0, 0, NULL, 'admin', '2019-01-29 18:47:40', 'admin', '2019-12-25 09:36:47', 0, 0, NULL, 0,NULL);
INSERT INTO `sys_permission` VALUES (16, 13, '账户绑定', '/account/settings/binding', 'account/settings/Binding', NULL, NULL, 1, 'BindingSettings', NULL, NULL, NULL, NULL, 1, 1, NULL, NULL, NULL, NULL, '2018-12-26 19:01:20', NULL, NULL, 0, 0, NULL, NULL,NULL);
INSERT INTO `sys_permission` VALUES (5, 2, '菜单管理', '/isystem/permission', 'system/PermissionList', NULL, NULL, 1, NULL, NULL, 1.30, 0, NULL, 1, 1, 0, 0, NULL, NULL, '2018-12-25 20:34:38', 'admin', '2019-12-25 09:36:39', 0, 0, NULL, 0,NULL);
INSERT INTO `sys_permission` VALUES (7, 2, '我的部门', '/isystem/departUserList', 'system/DepartUserList', NULL, NULL, 1, NULL, NULL, 2.00, 0, NULL, 1, 1, 0, 0, NULL, 'admin', '2019-04-17 15:12:24', 'admin', '2019-12-25 09:35:26', 0, 0, NULL, 0,NULL);
INSERT INTO `sys_permission` VALUES (13, 12, '个人设置', '/account/settings/Index', 'account/settings/Index', NULL, NULL, 1, NULL, NULL, 2.00, 1, NULL, 1, 0, NULL, 0, NULL, NULL, '2018-12-25 20:34:38', 'admin', '2019-04-19 09:41:05', 0, 0, NULL, NULL,NULL);
INSERT INTO `sys_permission` VALUES (12, -1, '个人页', '/account', 'layouts/RouteView', NULL, NULL, 0, NULL, NULL, 9.00, 0, 'user', 1, 0, 0, 1, NULL, NULL, '2018-12-25 20:34:38', 'admin', '2020-02-23 22:41:37', 0, 0, NULL, 0,NULL);
INSERT INTO `sys_permission` VALUES (17, 3, '添加用户按钮', '', NULL, NULL, NULL, 2, 'user:add', '1', 1.00, 0, NULL, 1, 1, NULL, 0, NULL, 'admin', '2019-03-16 11:20:33', 'admin', '2019-05-17 18:31:25', 0, 0, '1', NULL,NULL);
INSERT INTO `sys_permission` VALUES (18, 13, '个性化设置', '/account/settings/custom', 'account/settings/Custom', NULL, NULL, 1, 'CustomSettings', NULL, NULL, NULL, NULL, 1, 1, NULL, NULL, NULL, NULL, '2018-12-26 19:00:46', NULL, '2018-12-26 21:13:25', 0, 0, NULL, NULL,NULL);
INSERT INTO `sys_permission` VALUES (19, 12, '工作台', '/dashboard/workplace', 'dashboard/Workplace', NULL, NULL, 1, NULL, NULL, 3.00, 0, NULL, 1, 1, NULL, 0, NULL, NULL, '2018-12-25 20:34:38', 'admin', '2019-04-02 11:45:02', 0, 0, NULL, NULL,NULL);
INSERT INTO `sys_permission` VALUES (1 , -1, '首页', '/dashboard/analysis', 'dashboard/Analysis', NULL, NULL, 0, NULL, NULL, 0.00, 0, 'home', 1, 1, NULL, 0, NULL, NULL, '2018-12-25 20:34:38', 'admin', '2019-03-29 11:04:13', 0, 0, NULL, NULL,NULL);
INSERT INTO `sys_permission` VALUES (2, -1, '系统管理', '/isystem', 'layouts/RouteView', NULL, NULL, 0, NULL, NULL, 4.00, 0, 'setting', 1, 0, NULL, 0, NULL, NULL, '2018-12-25 20:34:38', 'admin', '2019-03-31 22:19:52', 0, 0, NULL, NULL,NULL);
INSERT INTO `sys_permission` VALUES (20, 12, '个人中心', '/account/center', 'account/center/Index', NULL, NULL, 1, NULL, NULL, 1.00, NULL, NULL, 1, 1, NULL, NULL, NULL, NULL, '2018-12-25 20:34:38', NULL, NULL, 0, 0, NULL, NULL,NULL);
INSERT INTO `sys_permission` VALUES (10, 2, '分类字典', '/isys/category', 'system/SysCategoryList', NULL, NULL, 1, NULL, '1', 5.20, 0, NULL, 1, 1, 0, 0, NULL, 'admin', '2019-05-29 18:48:07', 'admin', '2020-02-23 22:45:33', 0, 0, '1', 0,NULL);
INSERT INTO `sys_permission` VALUES (21, 13, '安全设置', '/account/settings/security', 'account/settings/Security', NULL, NULL, 1, 'SecuritySettings', NULL, NULL, NULL, NULL, 1, 1, NULL, NULL, NULL, NULL, '2018-12-26 18:59:52', NULL, NULL, 0, 0, NULL, NULL,NULL);
INSERT INTO `sys_permission` VALUES (9, 2, '数据字典', '/isystem/dict', 'system/DictList', NULL, NULL, 1, NULL, NULL, 5.00, 0, NULL, 1, 1, 0, 0, NULL, NULL, '2018-12-28 13:54:43', 'admin', '2020-02-23 22:45:25', 0, 0, NULL, 0,NULL);
INSERT INTO `sys_permission` VALUES (22, 13, '新消息通知', '/account/settings/notification', 'account/settings/Notification', NULL, NULL, 1, 'NotificationSettings', NULL, NULL, NULL, '', 1, 1, NULL, NULL, NULL, NULL, '2018-12-26 19:02:05', NULL, NULL, 0, 0, NULL, NULL,NULL);
INSERT INTO `sys_permission` VALUES (11, 2, '系统通告', '/isystem/annountCement', 'system/SysAnnouncementList', NULL, NULL, 1, 'annountCement', NULL, 6.00, NULL, '', 1, 1, NULL, NULL, NULL, NULL, '2019-01-02 17:23:01', NULL, '2019-01-02 17:31:23', 0, 0, NULL, NULL,NULL);

-- ----------------------------
-- Table structure for sys_role_permission
-- ----------------------------
DROP TABLE IF EXISTS `sys_role_permission`;
CREATE TABLE `sys_role_permission`  (
  `id` int  auto_increment  primary key COMMENT '主键id',
  `role_id` int not null COMMENT '角色id',
  `permission_id` int not null COMMENT '权限id',
  `data_rule_ids` varchar(1000) CHARACTER SET utf8 COLLATE utf8_general_ci NULL DEFAULT NULL,
  INDEX `index_group_role_per_id`(`role_id`, `permission_id`) USING BTREE,
  INDEX `index_group_role_id`(`role_id`) USING BTREE,
  INDEX `index_group_per_id`(`permission_id`) USING BTREE
) ENGINE = InnoDB CHARACTER SET = utf8 COLLATE = utf8_general_ci COMMENT = '角色权限表' ROW_FORMAT = Dynamic;

-- ----------------------------
-- Records of sys_role_permission
-- ----------------------------
INSERT INTO `sys_role_permission`(role_id,permission_id) VALUES (1, 1);
INSERT INTO `sys_role_permission`(role_id,permission_id) VALUES (1, 2);
INSERT INTO `sys_role_permission`(role_id,permission_id) VALUES (1, 3);
INSERT INTO `sys_role_permission`(role_id,permission_id) VALUES (1, 4);
INSERT INTO `sys_role_permission`(role_id,permission_id) VALUES (1, 5);
INSERT INTO `sys_role_permission`(role_id,permission_id) VALUES (1, 6);
INSERT INTO `sys_role_permission`(role_id,permission_id) VALUES (1, 7);
INSERT INTO `sys_role_permission`(role_id,permission_id) VALUES (1, 8);
INSERT INTO `sys_role_permission`(role_id,permission_id) VALUES (1, 9);
INSERT INTO `sys_role_permission`(role_id,permission_id) VALUES (1, 10);
INSERT INTO `sys_role_permission`(role_id,permission_id) VALUES (1, 11);
INSERT INTO `sys_role_permission`(role_id,permission_id) VALUES (1, 12);
INSERT INTO `sys_role_permission`(role_id,permission_id) VALUES (1, 13);
INSERT INTO `sys_role_permission`(role_id,permission_id) VALUES (1, 14);
INSERT INTO `sys_role_permission`(role_id,permission_id) VALUES (1, 15);
INSERT INTO `sys_role_permission`(role_id,permission_id) VALUES (1, 16);
INSERT INTO `sys_role_permission`(role_id,permission_id) VALUES (1, 17);
INSERT INTO `sys_role_permission`(role_id,permission_id) VALUES (1, 18);
INSERT INTO `sys_role_permission`(role_id,permission_id) VALUES (1, 19);
INSERT INTO `sys_role_permission`(role_id,permission_id) VALUES (1, 20);
INSERT INTO `sys_role_permission`(role_id,permission_id) VALUES (1, 21);
INSERT INTO `sys_role_permission`(role_id,permission_id) VALUES (1, 22);



-- ----------------------------
-- Table structure for sys_announcement
-- ----------------------------
DROP TABLE IF EXISTS `sys_announcement`;
CREATE TABLE `sys_announcement`  (
  `id` int  auto_increment  primary key COMMENT '主键id',
  `title` varchar(100) CHARACTER SET utf8 COLLATE utf8_general_ci NULL DEFAULT NULL COMMENT '标题',
  `msg_content` text CHARACTER SET utf8 COLLATE utf8_general_ci NULL COMMENT '内容',
  `start_time` datetime(0) NULL DEFAULT NULL COMMENT '开始时间',
  `end_time` datetime(0) NULL DEFAULT NULL COMMENT '结束时间',
  `sender` varchar(100) CHARACTER SET utf8 COLLATE utf8_general_ci NULL DEFAULT NULL COMMENT '发布人',
  `priority` varchar(255) CHARACTER SET utf8 COLLATE utf8_general_ci NULL DEFAULT NULL COMMENT '优先级（L低，M中，H高）',
  `msg_category` varchar(10) CHARACTER SET utf8 COLLATE utf8_general_ci NOT NULL DEFAULT '2' COMMENT '消息类型1:通知公告2:系统消息',
  `msg_type` varchar(10) CHARACTER SET utf8 COLLATE utf8_general_ci NULL DEFAULT NULL COMMENT '通告对象类型（USER:指定用户，ALL:全体用户）',
  `send_status` tinyint(1) not null  DEFAULT 0 COMMENT '发布状态（0未发布，1已发布，2已撤销）',
  `send_time` datetime(0) NULL DEFAULT NULL COMMENT '发布时间',
  `cancel_time` datetime(0) NULL DEFAULT NULL COMMENT '撤销时间',
  `del_flag` tinyint(1) not null default 0 COMMENT '删除状态（0，正常，1已删除）',
  `bus_type` varchar(20) CHARACTER SET utf8 COLLATE utf8_general_ci NULL DEFAULT NULL COMMENT '业务类型(email:邮件 bpm:流程)',
  `bus_id` varchar(50) CHARACTER SET utf8 COLLATE utf8_general_ci NULL DEFAULT NULL COMMENT '业务id',
  `open_type` varchar(20) CHARACTER SET utf8 COLLATE utf8_general_ci NULL DEFAULT NULL COMMENT '打开方式(组件：component 路由：url)',
  `open_page` varchar(255) CHARACTER SET utf8 COLLATE utf8_general_ci NULL DEFAULT NULL COMMENT '组件/路由 地址',
  `create_by` varchar(32) CHARACTER SET utf8 COLLATE utf8_general_ci NULL DEFAULT NULL COMMENT '创建人',
  `create_time` datetime(0) NULL DEFAULT NULL COMMENT '创建时间',
  `update_by` varchar(32) CHARACTER SET utf8 COLLATE utf8_general_ci NULL DEFAULT NULL COMMENT '更新人',
  `update_time` datetime(0) NULL DEFAULT NULL COMMENT '更新时间',
  `user_ids` text CHARACTER SET utf8 COLLATE utf8_general_ci NULL COMMENT '指定用户',
  `msg_abstract` text CHARACTER SET utf8 COLLATE utf8_general_ci NULL COMMENT '摘要',
  `delete_time` datetime(0) NULL DEFAULT NULL COMMENT '删除时间'
) ENGINE = InnoDB CHARACTER SET = utf8 COLLATE = utf8_general_ci COMMENT = '系统通告表' ROW_FORMAT = Dynamic;

-- ----------------------------
-- Records of sys_announcement
-- ----------------------------
INSERT INTO `sys_announcement` VALUES (1, '放假通知', '<p>放假通知</p>', '2020-05-02 15:32:38', '2020-05-30 15:32:40', 'admin', 'M', '1', 'USER', '1', '2020-05-02 15:32:59', NULL, 0, NULL, NULL, NULL, NULL, 'admin', '2020-05-02 15:32:56', 'admin', '2020-05-02 15:32:59', 'e9ca23d68d884d4ebb19d07889727dae,a75d45a015c44384a04449ee80dc3503,', '放假通知',NULL);

-- ----------------------------
-- Table structure for sys_announcement_send
-- ----------------------------
DROP TABLE IF EXISTS `sys_announcement_send`;
CREATE TABLE `sys_announcement_send`  (
  `id` int  auto_increment  primary key COMMENT '主键id',
  `annt_id` int not null COMMENT '通告ID',
  `user_id` int not null COMMENT '用户id',
  `read_flag` tinyint(1) not null default 0 COMMENT '阅读状态（0未读，1已读）',
  `read_time` datetime(0) NULL DEFAULT NULL COMMENT '阅读时间',
  `create_by` varchar(32) CHARACTER SET utf8 COLLATE utf8_general_ci NULL DEFAULT NULL COMMENT '创建人',
  `create_time` datetime(0) NULL DEFAULT NULL COMMENT '创建时间',
  `update_by` varchar(32) CHARACTER SET utf8 COLLATE utf8_general_ci NULL DEFAULT NULL COMMENT '更新人',
  `update_time` datetime(0) NULL DEFAULT NULL COMMENT '更新时间',
  `del_flag` tinyint(1) not null default 0 COMMENT '删除状态（0，正常，1已删除）',
  `delete_time` datetime(0) NULL DEFAULT NULL COMMENT '删除时间'
) ENGINE = InnoDB CHARACTER SET = utf8 COLLATE = utf8_general_ci COMMENT = '用户通告阅读标记表' ROW_FORMAT = Dynamic;

-- ----------------------------
-- Records of sys_announcement_send
-- ----------------------------
INSERT INTO `sys_announcement_send` VALUES (1, 1, 1, 1, '2020-05-02 15:33:05', 'admin', '2020-05-02 15:32:56', 'admin', '2020-05-02 15:33:05',0,NULL );
INSERT INTO `sys_announcement_send` VALUES (2, 1, 1, 0, '2020-05-02 15:32:56', 'admin', '2020-05-02 15:32:56', NULL, NULL,0,NULL );


-- ----------------------------
-- Table structure for sys_depart
-- ----------------------------
DROP TABLE IF EXISTS `sys_depart`;
CREATE TABLE `sys_depart`  (
  `id` int  auto_increment  primary key COMMENT '主键id',
  `parent_id` int default -1 COMMENT '父机构ID',
  `depart_name` varchar(100) CHARACTER SET utf8 COLLATE utf8_general_ci NOT NULL COMMENT '机构/部门名称',
  `depart_name_en` varchar(500) CHARACTER SET utf8 COLLATE utf8_general_ci NULL DEFAULT NULL COMMENT '英文名',
  `depart_name_abbr` varchar(500) CHARACTER SET utf8 COLLATE utf8_general_ci NULL DEFAULT NULL COMMENT '缩写',
  `depart_order` int(11) NULL DEFAULT 0 COMMENT '排序',
  `description` varchar(500) CHARACTER SET utf8 COLLATE utf8_general_ci NULL DEFAULT NULL COMMENT '描述',
  `org_category` varchar(10) CHARACTER SET utf8 COLLATE utf8_general_ci NOT NULL DEFAULT '1' COMMENT '机构类别 1组织机构，2岗位',
  `org_type` varchar(10) CHARACTER SET utf8 COLLATE utf8_general_ci NULL DEFAULT NULL COMMENT '机构类型 1一级部门 2子部门',
  `org_code` varchar(64) CHARACTER SET utf8 COLLATE utf8_general_ci NOT NULL COMMENT '机构编码',
  `mobile` varchar(32) CHARACTER SET utf8 COLLATE utf8_general_ci NULL DEFAULT NULL COMMENT '手机号',
  `fax` varchar(32) CHARACTER SET utf8 COLLATE utf8_general_ci NULL DEFAULT NULL COMMENT '传真',
  `address` varchar(100) CHARACTER SET utf8 COLLATE utf8_general_ci NULL DEFAULT NULL COMMENT '地址',
  `memo` varchar(500) CHARACTER SET utf8 COLLATE utf8_general_ci NULL DEFAULT NULL COMMENT '备注',
  `status` tinyint(1) not null default 1  COMMENT '状态（1启用，0不启用）',
  `del_flag` tinyint(1) not null default 0 COMMENT '删除状态（0，正常，1已删除）',
  `delete_time` datetime(0) NULL DEFAULT NULL COMMENT '删除时间',
  `create_by` varchar(32) CHARACTER SET utf8 COLLATE utf8_general_ci NULL DEFAULT NULL COMMENT '创建人',
  `create_time` datetime(0) NULL DEFAULT NULL COMMENT '创建日期',
  `update_by` varchar(32) CHARACTER SET utf8 COLLATE utf8_general_ci NULL DEFAULT NULL COMMENT '更新人',
  `update_time` datetime(0) NULL DEFAULT NULL COMMENT '更新日期',
  UNIQUE INDEX `uniq_depart_org_code`(`org_code`) USING BTREE,
  INDEX `index_depart_parent_id`(`parent_id`) USING BTREE,
  INDEX `index_depart_depart_order`(`depart_order`) USING BTREE,
  INDEX `index_depart_org_code`(`org_code`) USING BTREE
) ENGINE = InnoDB CHARACTER SET = utf8 COLLATE = utf8_general_ci COMMENT = '组织机构表' ROW_FORMAT = Dynamic;

-- ----------------------------
-- Records of sys_depart
-- ----------------------------
INSERT INTO `sys_depart` VALUES (1, -1, '总公司', NULL, NULL, 0, NULL, '1', '1', 'A02', NULL, NULL, NULL, NULL,  0, 0, NULL, 'admin', '2019-02-26 16:36:39', 'admin', '2020-05-02 18:21:22');
INSERT INTO `sys_depart` VALUES (2, 1, '市场部', NULL, NULL, 0, NULL, '1', '2', 'A01A03', NULL, NULL, NULL, NULL,  0, 0, NULL, 'admin', '2019-02-20 17:15:34', 'admin', '2019-02-26 16:36:18');
INSERT INTO `sys_depart` VALUES (3, 1, '研发部', NULL, NULL, 0, NULL, '1', '2', 'A01A05', NULL, NULL, NULL, NULL,  0, 0, NULL, 'admin', '2019-02-21 16:14:41', 'admin', '2019-03-27 19:05:49');
INSERT INTO `sys_depart` VALUES (4, 3, '研发经理', NULL, NULL, 0, NULL, '3', '3', 'A01A05A01', NULL, NULL, NULL, NULL, 0, 0, NULL, 'admin', '2020-05-02 15:29:09', NULL, NULL);


-- ----------------------------
-- Table structure for sys_user_depart
-- ----------------------------
DROP TABLE IF EXISTS `sys_user_depart`;
CREATE TABLE `sys_user_depart`  (
  `id` int  auto_increment  primary key COMMENT '主键id',
  `user_id` int not null COMMENT '用户id',
  `dep_id` int not null COMMENT '部门id',
  INDEX `index_depart_groupkorgid`(`dep_id`) USING BTREE,
  INDEX `index_depart_groupk_uidanddid`(`user_id`, `dep_id`) USING BTREE
) ENGINE = InnoDB CHARACTER SET = utf8 COLLATE = utf8_general_ci ROW_FORMAT = Dynamic;

-- ----------------------------
-- Records of sys_user_depart
-- ----------------------------
INSERT INTO `sys_user_depart` VALUES (1, 1, 2);
INSERT INTO `sys_user_depart` VALUES (1, 1, 3);
